
{
  "color": [
      "#84a2fe",
      "#22c3aa",
      "#7bd9a5",
      "#d0648a",
      "#f58db2",
      "#f2b3c9"
  ],
  "backgroundColor": "rgba(255,255,255,0)",
  "textStyle": {},
  "title": {
      "textStyle": {
          "color": "#666666"
      },
      "subtextStyle": {
          "color": "#999999"
      }
  },
  "line": {
      "itemStyle": {
          "borderWidth": "2"
      },
      "lineStyle": {
          "width": "3"
      },
      "symbolSize": "8",
      "symbol": "emptyCircle",
      "smooth": false
  },
  "radar": {
      "itemStyle": {
          "borderWidth": "2"
      },
      "lineStyle": {
          "width": "3"
      },
      "symbolSize": "8",
      "symbol": "emptyCircle",
      "smooth": false
  },
  "bar": {
      "itemStyle": {
          "barBorderWidth": 0,
          "barBorderColor": "#cccccc"
      }
  },
  "pie": {
      "itemStyle": {
          "borderWidth": 0,
          "borderColor": "#cccccc"
      }
  },
  "scatter": {
      "itemStyle": {
          "borderWidth": 0,
          "borderColor": "#cccccc"
      }
  },
  "boxplot": {
      "itemStyle": {
          "borderWidth": 0,
          "borderColor": "#cccccc"
      }
  },
  "parallel": {
      "itemStyle": {
          "borderWidth": 0,
          "borderColor": "#cccccc"
      }
  },
  "sankey": {
      "itemStyle": {
          "borderWidth": 0,
          "borderColor": "#cccccc"
      }
  },
  "funnel": {
      "itemStyle": {
          "borderWidth": 0,
          "borderColor": "#cccccc"
      }
  },
  "gauge": {
      "itemStyle": {
          "borderWidth": 0,
          "borderColor": "#cccccc"
      }
  },
  "candlestick": {
      "itemStyle": {
          "color": "#84a2fe",
          "color0": "transparent",
          "borderColor": "#84a2fe",
          "borderColor0": "#22c3aa",
          "borderWidth": "1"
      }
  },
  "graph": {
      "itemStyle": {
          "borderWidth": 0,
          "borderColor": "#cccccc"
      },
      "lineStyle": {
          "width": "1",
          "color": "#cccccc"
      },
      "symbolSize": "8",
      "symbol": "emptyCircle",
      "smooth": false,
      "color": [
          "#84a2fe",
          "#22c3aa",
          "#7bd9a5",
          "#d0648a",
          "#08a17e",
          "#f2b3c9"
      ],
      "label": {
          "color": "#ffffff"
      }
  },
  "map": {
      "itemStyle": {
          "areaColor": "#eeeeee",
          "borderColor": "#999999",
          "borderWidth": 0.5
      },
      "label": {
          "color": "#28544e"
      },
      "emphasis": {
          "itemStyle": {
              "areaColor": "rgba(34,195,170,0.25)",
              "borderColor": "#22c3aa",
              "borderWidth": 1
          },
          "label": {
              "color": "#349e8e"
          }
      }
  },
  "geo": {
      "itemStyle": {
          "areaColor": "#eeeeee",
          "borderColor": "#999999",
          "borderWidth": 0.5
      },
      "label": {
          "color": "#28544e"
      },
      "emphasis": {
          "itemStyle": {
              "areaColor": "rgba(34,195,170,0.25)",
              "borderColor": "#22c3aa",
              "borderWidth": 1
          },
          "label": {
              "color": "#349e8e"
          }
      }
  },
  "categoryAxis": {
      "axisLine": {
          "show": true,
          "lineStyle": {
              "color": "#cccccc"
          }
      },
      "axisTick": {
          "show": false,
          "lineStyle": {
              "color": "#333"
          }
      },
      "axisLabel": {
          "show": true,
          "color": "#999999"
      },
      "splitLine": {
          "show": true,
          "lineStyle": {
              "color": [
                  "#eeeeee"
              ]
          }
      },
      "splitArea": {
          "show": false,
          "areaStyle": {
              "color": [
                  "rgba(250,250,250,0.05)",
                  "rgba(200,200,200,0.02)"
              ]
          }
      }
  },
  "valueAxis": {
      "axisLine": {
          "show": true,
          "lineStyle": {
              "color": "#cccccc"
          }
      },
      "axisTick": {
          "show": false,
          "lineStyle": {
              "color": "#333"
          }
      },
      "axisLabel": {
          "show": true,
          "color": "#999999"
      },
      "splitLine": {
          "show": true,
          "lineStyle": {
              "color": [
                  "#eeeeee"
              ]
          }
      },
      "splitArea": {
          "show": false,
          "areaStyle": {
              "color": [
                  "rgba(250,250,250,0.05)",
                  "rgba(200,200,200,0.02)"
              ]
          }
      }
  },
  "logAxis": {
      "axisLine": {
          "show": true,
          "lineStyle": {
              "color": "#cccccc"
          }
      },
      "axisTick": {
          "show": false,
          "lineStyle": {
              "color": "#333"
          }
      },
      "axisLabel": {
          "show": true,
          "color": "#999999"
      },
      "splitLine": {
          "show": true,
          "lineStyle": {
              "color": [
                  "#eeeeee"
              ]
          }
      },
      "splitArea": {
          "show": false,
          "areaStyle": {
              "color": [
                  "rgba(250,250,250,0.05)",
                  "rgba(200,200,200,0.02)"
              ]
          }
      }
  },
  "timeAxis": {
      "axisLine": {
          "show": true,
          "lineStyle": {
              "color": "#cccccc"
          }
      },
      "axisTick": {
          "show": false,
          "lineStyle": {
              "color": "#333"
          }
      },
      "axisLabel": {
          "show": true,
          "color": "#999999"
      },
      "splitLine": {
          "show": true,
          "lineStyle": {
              "color": [
                  "#eeeeee"
              ]
          }
      },
      "splitArea": {
          "show": false,
          "areaStyle": {
              "color": [
                  "rgba(250,250,250,0.05)",
                  "rgba(200,200,200,0.02)"
              ]
          }
      }
  },
  "toolbox": {
      "iconStyle": {
          "borderColor": "#999999"
      },
      "emphasis": {
          "iconStyle": {
              "borderColor": "#666666"
          }
      }
  },
  "legend": {
      "textStyle": {
          "color": "#999999"
      }
  },
  "tooltip": {
      "axisPointer": {
          "lineStyle": {
              "color": "#cccccc",
              "width": 1
          },
          "crossStyle": {
              "color": "#cccccc",
              "width": 1
          }
      }
  },
  "timeline": {
      "lineStyle": {
          "color": "#84a2fe",
          "width": 1
      },
      "itemStyle": {
          "color": "#84a2fe",
          "borderWidth": 1
      },
      "controlStyle": {
          "color": "#84a2fe",
          "borderColor": "#84a2fe",
          "borderWidth": 0.5
      },
      "checkpointStyle": {
          "color": "#84a2fe",
          "borderColor": "#3cebd2"
      },
      "label": {
          "color": "#84a2fe"
      },
      "emphasis": {
          "itemStyle": {
              "color": "#84a2fe"
          },
          "controlStyle": {
              "color": "#84a2fe",
              "borderColor": "#84a2fe",
              "borderWidth": 0.5
          },
          "label": {
              "color": "#84a2fe"
          }
      }
  },
  "visualMap": {
      "color": [
          "#d0648a",
          "#22c3aa",
          "#adfff1"
      ]
  },
  "dataZoom": {
      "backgroundColor": "rgba(255,255,255,0)",
      "dataBackgroundColor": "rgba(222,222,222,1)",
      "fillerColor": "rgba(114,230,212,0.25)",
      "handleColor": "#cccccc",
      "handleSize": "100%",
      "textStyle": {
          "color": "#999999"
      }
  },
  "markPoint": {
      "label": {
          "color": "#ffffff"
      },
      "emphasis": {
          "label": {
              "color": "#ffffff"
          }
      }
  }
}
